position,minutes,ratings,goals scored,assist,shots on target,shots attempted,long balls,long balls completed,key passes,duels won,take-ons conceeded,tackles,interceptions,clearances,blocks,dribbles completed,dribbles attempt,yellow card,red card,nationality
left back,66.0,7.0,0.0,0.0,0.0,0.0,3.0,1.0,0.0,4.0,1.0,2.0,1.0,2.0,1.0,0.0,1.0,0.0,0.0,Argentina
attacking midfielder,45.0,5.0,0.0,0.0,0.0,0.0,0.0,0.0,0.0,1.0,1.0,0.0,0.0,0.0,0.0,0.0,1.0,0.0,0.0,Argentina
left midfielder,68.0,7.0,0.0,0.0,1.0,2.0,2.0,1.0,1.0,4.0,1.0,0.0,0.0,0.0,0.0,1.0,3.0,1.0,0.0,Argentina
left wing,73.4,8.0,0.6,0.4,1.0,1.8,2.0,1.4,1.8,3.6,0.6,1.2,0.4,0.0,0.0,1.6,2.8,0.0,0.0,Argentina
centre back,76.0,6.75,0.0,0.0,0.0,0.0,4.5,3.0,0.0,3.75,0.0,1.5,1.75,3.25,0.75,0.0,0.0,0.25,0.0,Argentina
central midfielder,77.45,7.36,0.0,0.09,0.18,1.18,6.0,3.91,1.36,6.09,0.64,2.55,1.09,0.55,0.27,1.0,1.18,0.09,0.0,Argentina
defensive midfielder,82.67,7.0,0.0,0.0,0.0,0.67,6.67,4.67,1.33,5.67,0.67,2.33,1.0,1.0,0.33,1.0,1.33,0.0,0.0,Argentina
right midfielder,84.67,7.0,0.0,0.0,0.0,0.33,4.33,3.0,1.33,6.67,1.33,2.0,1.0,0.67,0.33,0.67,1.67,0.33,0.0,Argentina
right wing,90.0,9.0,0.0,2.0,1.0,3.0,5.0,4.0,6.0,6.0,1.0,2.0,1.0,0.0,0.0,2.0,4.0,0.0,0.0,Argentina
attacking midfielder,11.0,8.0,1.0,0.0,1.0,1.0,0.0,0.0,0.0,1.0,0.0,0.0,0.0,0.0,0.0,0.0,0.0,0.0,0.0,Argentina
goal keeper,90.0,6.75,0.0,0.0,0.0,0.0,10.88,4.94,0.0,0.44,0.06,0.0,0.06,0.94,0.0,0.0,0.0,0.0,0.0,Argentina
attacking midfielder,90.0,7.0,0.0,0.0,1.0,2.0,5.0,3.0,1.0,5.0,0.0,3.0,2.0,1.0,1.0,0.0,0.0,0.0,0.0,Argentina
central midfielder,84.36,7.18,0.09,0.09,0.18,1.09,6.27,4.27,1.18,4.64,0.73,2.18,1.09,0.64,0.45,0.91,0.91,0.0,0.09,Argentina
centre forward,90.0,9.0,1.0,1.0,1.0,2.0,4.0,3.0,2.0,7.0,0.0,2.0,2.0,0.0,1.0,1.0,1.0,1.0,0.0,Argentina
defensive midfielder,79.5,7.0,0.0,0.5,0.0,0.0,6.0,3.0,0.5,3.0,0.5,2.5,0.5,0.5,0.0,0.0,0.0,0.0,0.0,Argentina
left wing,11.0,7.0,0.0,1.0,0.0,0.0,0.0,0.0,1.0,2.0,0.0,1.0,0.0,0.0,0.0,1.0,1.0,0.0,0.0,Argentina
left midfielder,70.5,7.0,0.5,0.0,1.0,2.0,1.0,1.0,0.5,5.5,0.5,1.5,1.0,0.5,0.0,1.0,2.5,0.0,0.0,Argentina
left wing,64.57,7.14,0.14,0.29,0.43,1.43,0.86,0.57,1.0,4.71,0.43,1.43,0.57,0.71,0.0,0.86,2.57,0.0,0.0,Argentina
right wing,90.0,7.0,0.0,0.0,1.0,4.0,1.0,1.0,2.0,7.0,1.0,2.0,1.0,0.0,0.0,2.0,5.0,0.0,0.0,Argentina
centre forward,70.4,7.1,0.4,0.1,0.5,1.9,0.0,0.0,0.4,3.0,0.1,0.6,0.1,0.0,0.0,0.2,1.0,0.2,0.0,Argentina
centre back,79.0,7.0,0.0,0.0,0.0,0.0,4.0,3.0,0.0,5.0,0.0,2.0,2.0,3.0,1.0,0.0,0.0,0.0,0.0,Argentina
left back,64.0,7.0,0.0,0.0,0.0,0.0,3.0,1.0,0.0,4.0,1.0,3.0,1.0,2.0,1.0,0.0,0.0,0.0,0.0,Argentina
left midfielder,30.5,7.0,0.0,0.5,0.0,0.0,1.0,0.5,1.0,2.5,0.0,1.5,0.5,0.0,0.0,0.5,0.5,0.5,0.0,Argentina
right midfielder,70.0,7.0,0.0,1.0,0.0,0.0,2.0,1.0,1.0,5.0,1.0,2.0,1.0,1.0,0.0,0.0,1.0,0.0,0.0,Argentina
attacking midfielder,76.67,7.33,0.33,0.0,0.33,1.0,2.67,1.67,0.67,3.67,0.67,1.67,0.67,0.33,0.33,0.67,0.67,0.0,0.0,Argentina
central midfielder,77.75,7.12,0.12,0.0,0.25,1.0,2.75,2.0,0.62,4.5,0.5,2.0,1.38,0.5,0.12,0.62,0.75,0.12,0.0,Argentina
defensive midfielder,80.0,8.0,0.0,0.0,0.0,1.0,4.0,3.0,2.0,6.0,0.0,3.0,2.0,1.0,0.0,1.0,1.0,0.0,0.0,Argentina
left midfielder,90.0,7.0,0.0,0.0,0.0,0.0,2.0,1.0,0.0,6.0,1.0,3.0,1.0,1.0,1.0,0.0,1.0,0.0,0.0,Argentina
right wing,61.0,7.0,0.0,0.0,1.0,1.0,3.0,2.0,1.0,5.0,2.0,1.0,1.0,0.0,0.0,2.0,4.0,0.0,0.0,Argentina
left back,78.0,7.0,0.0,0.0,0.0,0.0,2.0,1.0,0.0,5.0,1.0,2.0,1.0,2.0,1.0,0.0,0.0,0.0,0.0,Argentina
centre forward,86.0,7.33,0.67,0.33,1.67,3.0,3.0,2.0,2.0,4.67,0.33,0.67,0.0,0.0,0.0,1.67,3.33,0.0,0.0,Argentina
right wing,88.14,8.0,0.86,0.43,2.14,4.14,3.86,2.71,3.14,5.71,1.29,0.43,0.0,0.0,0.0,2.43,5.0,0.0,0.0,Argentina
right back,81.64,6.64,0.0,0.14,0.0,0.29,3.57,1.64,0.71,3.86,0.79,2.0,1.29,1.79,0.5,0.5,1.07,0.07,0.0,Argentina
right midfielder,90.0,7.0,0.0,0.0,0.0,1.0,3.0,1.0,1.0,4.0,0.0,2.0,1.0,2.0,0.0,1.0,2.0,0.0,0.0,Argentina
right back,53.6,6.6,0.0,0.0,0.0,0.0,2.4,1.0,0.0,2.2,1.0,1.4,1.0,1.4,0.2,0.0,0.2,0.2,0.0,Argentina
centre back,85.53,7.18,0.18,0.0,0.24,0.65,5.35,3.12,0.0,5.18,0.12,1.88,1.71,3.88,0.88,0.0,0.0,0.65,0.06,Argentina
central midfielder,13.0,7.0,0.0,1.0,0.0,0.0,1.0,0.5,1.0,0.5,0.0,0.0,0.5,0.0,0.0,0.0,0.0,0.0,0.0,Argentina
defensive midfielder,90.0,7.0,0.0,0.0,0.0,0.0,4.0,3.0,1.0,6.0,0.0,3.0,2.0,1.0,1.0,1.0,1.0,0.0,0.0,Argentina
central midfielder,75.0,7.0,0.0,0.0,0.33,1.0,4.33,4.33,1.33,4.33,0.33,2.67,2.0,1.33,0.67,0.0,0.0,0.33,0.0,Argentina
defensive midfielder,77.0,7.33,0.0,0.0,0.33,1.0,5.0,3.67,0.67,4.33,0.33,2.67,2.0,1.33,1.0,0.0,0.0,0.33,0.0,Argentina
attacking midfielder,57.0,7.0,0.0,0.0,0.0,1.0,1.0,1.0,1.0,3.0,1.0,1.0,0.0,0.0,0.0,1.0,2.0,0.0,0.0,Argentina
centre back,67.5,7.0,0.0,0.0,0.0,0.0,3.5,1.0,0.0,4.0,0.0,2.0,1.5,3.5,1.0,0.0,0.0,0.5,0.0,Argentina
right back,56.0,6.0,0.0,0.0,0.0,0.0,3.0,1.0,0.0,2.0,1.0,1.0,1.0,2.0,1.0,0.0,0.0,0.0,0.0,Argentina
centre back,84.0,7.4,0.0,0.0,0.0,0.27,4.27,2.53,0.0,6.07,0.2,2.8,2.13,3.8,0.93,0.07,0.07,0.2,0.0,Argentina
goal keeper,90.0,7.0,0.0,0.0,0.0,0.0,17.0,6.0,0.0,0.0,0.0,0.0,0.0,0.5,0.0,0.0,0.0,0.0,0.0,Argentina
right wing,51.6,6.8,0.2,0.0,0.6,1.0,0.6,0.0,0.6,4.2,0.4,1.4,0.4,0.2,0.0,1.0,1.6,0.0,0.0,Argentina
left back,86.43,7.0,0.07,0.07,0.07,0.36,2.93,1.29,0.64,5.36,0.14,2.57,1.93,2.43,0.64,0.14,0.21,0.21,0.0,Argentina
centre forward,83.33,7.0,0.25,0.25,0.83,1.92,0.67,0.25,1.17,4.0,0.42,1.17,0.33,0.08,0.08,0.75,1.83,0.08,0.0,Argentina
left wing,73.5,7.25,0.25,0.0,0.5,1.75,1.0,0.75,1.25,4.0,0.75,1.25,0.0,0.0,0.25,1.0,2.0,0.0,0.0,Argentina
